family_id,assigned_day
0,100
1,99
2,98
3,97
4,96
5,95
6,94
7,93
8,92
9,91
10,90
11,89
12,88
13,87
14,86
15,85
16,84
17,83
18,82
19,81
20,80
21,79
22,78
23,77
24,76
25,75
26,74
27,73
28,72
29,71
30,70
31,69
32,68
33,67
34,66
35,65
36,64
37,63
38,62
39,61
40,60
41,59
42,58
43,57
44,56
45,55
46,54
47,53
48,52
49,51
50,50
51,49
52,48
53,47
54,46
55,45
56,44
57,43
58,42
59,41
60,40
61,39
62,38
63,37
64,36
65,35
66,34
67,33
68,32
69,31
70,30
71,29
72,28
73,27
74,26
75,25
76,24
77,23
78,22
79,21
80,20
81,19
82,18
83,17
84,16
85,15
86,14
87,13
88,12
89,11
90,10
91,9
92,8
93,7
94,6
95,5
96,4
97,3
98,2
99,1
100,100
101,99
102,98
103,97
104,96
105,95
106,94
107,93
108,92
109,91
110,90
111,89
112,88
113,87
114,86
115,85
116,84
117,83
118,82
119,81
120,80
121,79
122,78
123,77
124,76
125,75
126,74
127,73
128,72
129,71
130,70
131,69
132,68
133,67
134,66
135,65
136,64
137,63
138,62
139,61
140,60
141,59
142,58
143,57
144,56
145,55
146,54
147,53
148,52
149,51
150,50
151,49
152,48
153,47
154,46
155,45
156,44
157,43
158,42
159,41
160,40
161,39
162,38
163,37
164,36
165,35
166,34
167,33
168,32
169,31
170,30
171,29
172,28
173,27
174,26
175,25
176,24
177,23
178,22
179,21
180,20
181,19
182,18
183,17
184,16
185,15
186,14
187,13
188,12
189,11
190,10
191,9
192,8
193,7
194,6
195,5
196,4
197,3
198,2
199,1
200,100
201,99
202,98
203,97
204,96
205,95
206,94
207,93
208,92
209,91
210,90
211,89
212,88
213,87
214,86
215,85
216,84
217,83
218,82
219,81
220,80
221,79
222,78
223,77
224,76
225,75
226,74
227,73
228,72
229,71
230,70
231,69
232,68
233,67
234,66
235,65
236,64
237,63
238,62
239,61
240,60
241,59
242,58
243,57
244,56
245,55
246,54
247,53
248,52
249,51
250,50
251,49
252,48
253,47
254,46
255,45
256,44
257,43
258,42
259,41
260,40
261,39
262,38
263,37
264,36
265,35
266,34
267,33
268,32
269,31
270,30
271,29
272,28
273,27
274,26
275,25
276,24
277,23
278,22
279,21
280,20
281,19
282,18
283,17
284,16
285,15
286,14
287,13
288,12
289,11
290,10
291,9
292,8
293,7
294,6
295,5
296,4
297,3
298,2
299,1
300,100
301,99
302,98
303,97
304,96
305,95
306,94
307,93
308,92
309,91
310,90
311,89
312,88
313,87
314,86
315,85
316,84
317,83
318,82
319,81
320,80
321,79
322,78
323,77
324,76
325,75
326,74
327,73
328,72
329,71
330,70
331,69
332,68
333,67
334,66
335,65
336,64
337,63
338,62
339,61
340,60
341,59
342,58
343,57
344,56
345,55
346,54
347,53
348,52
349,51
350,50
351,49
352,48
353,47
354,46
355,45
356,44
357,43
358,42
359,41
360,40
361,39
362,38
363,37
364,36
365,35
366,34
367,33
368,32
369,31
370,30
371,29
372,28
373,27
374,26
375,25
376,24
377,23
378,22
379,21
380,20
381,19
382,18
383,17
384,16
385,15
386,14
387,13
388,12
389,11
390,10
391,9
392,8
393,7
394,6
395,5
396,4
397,3
398,2
399,1
400,100
401,99
402,98
403,97
404,96
405,95
406,94
407,93
408,92
409,91
410,90
411,89
412,88
413,87
414,86
415,85
416,84
417,83
418,82
419,81
420,80
421,79
422,78
423,77
424,76
425,75
426,74
427,73
428,72
429,71
430,70
431,69
432,68
433,67
434,66
435,65
436,64
437,63
438,62
439,61
440,60
441,59
442,58
443,57
444,56
445,55
446,54
447,53
448,52
449,51
450,50
451,49
452,48
453,47
454,46
455,45
456,44
457,43
458,42
459,41
460,40
461,39
462,38
463,37
464,36
465,35
466,34
467,33
468,32
469,31
470,30
471,29
472,28
473,27
474,26
475,25
476,24
477,23
478,22
479,21
480,20
481,19
482,18
483,17
484,16
485,15
486,14
487,13
488,12
489,11
490,10
491,9
492,8
493,7
494,6
495,5
496,4
497,3
498,2
499,1
500,100
501,99
502,98
503,97
504,96
505,95
506,94
507,93
508,92
509,91
510,90
511,89
512,88
513,87
514,86
515,85
516,84
517,83
518,82
519,81
520,80
521,79
522,78
523,77
524,76
525,75
526,74
527,73
528,72
529,71
530,70
531,69
532,68
533,67
534,66
535,65
536,64
537,63
538,62
539,61
540,60
541,59
542,58
543,57
544,56
545,55
546,54
547,53
548,52
549,51
550,50
551,49
552,48
553,47
554,46
555,45
556,44
557,43
558,42
559,41
560,40
561,39
562,38
563,37
564,36
565,35
566,34
567,33
568,32
569,31
570,30
571,29
572,28
573,27
574,26
575,25
576,24
577,23
578,22
579,21
580,20
581,19
582,18
583,17
584,16
585,15
586,14
587,13
588,12
589,11
590,10
591,9
592,8
593,7
594,6
595,5
596,4
597,3
598,2
599,1
600,100
601,99
602,98
603,97
604,96
605,95
606,94
607,93
608,92
609,91
610,90
611,89
612,88
613,87
614,86
615,85
616,84
617,83
618,82
619,81
620,80
621,79
622,78
623,77
624,76
625,75
626,74
627,73
628,72
629,71
630,70
631,69
632,68
633,67
634,66
635,65
636,64
637,63
638,62
639,61
640,60
641,59
642,58
643,57
644,56
645,55
646,54
647,53
648,52
649,51
650,50
651,49
652,48
653,47
654,46
655,45
656,44
657,43
658,42
659,41
660,40
661,39
662,38
663,37
664,36
665,35
666,34
667,33
668,32
669,31
670,30
671,29
672,28
673,27
674,26
675,25
676,24
677,23
678,22
679,21
680,20
681,19
682,18
683,17
684,16
685,15
686,14
687,13
688,12
689,11
690,10
691,9
692,8
693,7
694,6
695,5
696,4
697,3
698,2
699,1
700,100
701,99
702,98
703,97
704,96
705,95
706,94
707,93
708,92
709,91
710,90
711,89
712,88
713,87
714,86
715,85
716,84
717,83
718,82
719,81
720,80
721,79
722,78
723,77
724,76
725,75
726,74
727,73
728,72
729,71
730,70
731,69
732,68
733,67
734,66
735,65
736,64
737,63
738,62
739,61
740,60
741,59
742,58
743,57
744,56
745,55
746,54
747,53
748,52
749,51
750,50
751,49
752,48
753,47
754,46
755,45
756,44
757,43
758,42
759,41
760,40
761,39
762,38
763,37
764,36
765,35
766,34
767,33
768,32
769,31
770,30
771,29
772,28
773,27
774,26
775,25
776,24
777,23
778,22
779,21
780,20
781,19
782,18
783,17
784,16
785,15
786,14
787,13
788,12
789,11
790,10
791,9
792,8
793,7
794,6
795,5
796,4
797,3
798,2
799,1
800,100
801,99
802,98
803,97
804,96
805,95
806,94
807,93
808,92
809,91
810,90
811,89
812,88
813,87
814,86
815,85
816,84
817,83
818,82
819,81
820,80
821,79
822,78
823,77
824,76
825,75
826,74
827,73
828,72
829,71
830,70
831,69
832,68
833,67
834,66
835,65
836,64
837,63
838,62
839,61
840,60
841,59
842,58
843,57
844,56
845,55
846,54
847,53
848,52
849,51
850,50
851,49
852,48
853,47
854,46
855,45
856,44
857,43
858,42
859,41
860,40
861,39
862,38
863,37
864,36
865,35
866,34
867,33
868,32
869,31
870,30
871,29
872,28
873,27
874,26
875,25
876,24
877,23
878,22
879,21
880,20
881,19
882,18
883,17
884,16
885,15
886,14
887,13
888,12
889,11
890,10
891,9
892,8
893,7
894,6
895,5
896,4
897,3
898,2
899,1
900,100
901,99
902,98
903,97
904,96
905,95
906,94
907,93
908,92
909,91
910,90
911,89
912,88
913,87
914,86
915,85
916,84
917,83
918,82
919,81
920,80
921,79
922,78
923,77
924,76
925,75
926,74
927,73
928,72
929,71
930,70
931,69
932,68
933,67
934,66
935,65
936,64
937,63
938,62
939,61
940,60
941,59
942,58
943,57
944,56
945,55
946,54
947,53
948,52
949,51
950,50
951,49
952,48
953,47
954,46
955,45
956,44
957,43
958,42
959,41
960,40
961,39
962,38
963,37
964,36
965,35
966,34
967,33
968,32
969,31
970,30
971,29
972,28
973,27
974,26
975,25
976,24
977,23
978,22
979,21
980,20
981,19
982,18
983,17
984,16
985,15
986,14
987,13
988,12
989,11
990,10
991,9
992,8
993,7
994,6
995,5
996,4
997,3
998,2
999,1
1000,100
1001,99
1002,98
1003,97
1004,96
1005,95
1006,94
1007,93
1008,92
1009,91
1010,90
1011,89
1012,88
1013,87
1014,86
1015,85
1016,84
1017,83
1018,82
1019,81
1020,80
1021,79
1022,78
1023,77
1024,76
1025,75
1026,74
1027,73
1028,72
1029,71
1030,70
1031,69
1032,68
1033,67
1034,66
1035,65
1036,64
1037,63
1038,62
1039,61
1040,60
1041,59
1042,58
1043,57
1044,56
1045,55
1046,54
1047,53
1048,52
1049,51
1050,50
1051,49
1052,48
1053,47
1054,46
1055,45
1056,44
1057,43
1058,42
1059,41
1060,40
1061,39
1062,38
1063,37
1064,36
1065,35
1066,34
1067,33
1068,32
1069,31
1070,30
1071,29
1072,28
1073,27
1074,26
1075,25
1076,24
1077,23
1078,22
1079,21
1080,20
1081,19
1082,18
1083,17
1084,16
1085,15
1086,14
1087,13
1088,12
1089,11
1090,10
1091,9
1092,8
1093,7
1094,6
1095,5
1096,4
1097,3
1098,2
1099,1
1100,100
1101,99
1102,98
1103,97
1104,96
1105,95
1106,94
1107,93
1108,92
1109,91
1110,90
1111,89
1112,88
1113,87
1114,86
1115,85
1116,84
1117,83
1118,82
1119,81
1120,80
1121,79
1122,78
1123,77
1124,76
1125,75
1126,74
1127,73
1128,72
1129,71
1130,70
1131,69
1132,68
1133,67
1134,66
1135,65
1136,64
1137,63
1138,62
1139,61
1140,60
1141,59
1142,58
1143,57
1144,56
1145,55
1146,54
1147,53
1148,52
1149,51
1150,50
1151,49
1152,48
1153,47
1154,46
1155,45
1156,44
1157,43
1158,42
1159,41
1160,40
1161,39
1162,38
1163,37
1164,36
1165,35
1166,34
1167,33
1168,32
1169,31
1170,30
1171,29
1172,28
1173,27
1174,26
1175,25
1176,24
1177,23
1178,22
1179,21
1180,20
1181,19
1182,18
1183,17
1184,16
1185,15
1186,14
1187,13
1188,12
1189,11
1190,10
1191,9
1192,8
1193,7
1194,6
1195,5
1196,4
1197,3
1198,2
1199,1
1200,100
1201,99
1202,98
1203,97
1204,96
1205,95
1206,94
1207,93
1208,92
1209,91
1210,90
1211,89
1212,88
1213,87
1214,86
1215,85
1216,84
1217,83
1218,82
1219,81
1220,80
1221,79
1222,78
1223,77
1224,76
1225,75
1226,74
1227,73
1228,72
1229,71
1230,70
1231,69
1232,68
1233,67
1234,66
1235,65
1236,64
1237,63
1238,62
1239,61
1240,60
1241,59
1242,58
1243,57
1244,56
1245,55
1246,54
1247,53
1248,52
1249,51
1250,50
1251,49
1252,48
1253,47
1254,46
1255,45
1256,44
1257,43
1258,42
1259,41
1260,40
1261,39
1262,38
1263,37
1264,36
1265,35
1266,34
1267,33
1268,32
1269,31
1270,30
1271,29
1272,28
1273,27
1274,26
1275,25
1276,24
1277,23
1278,22
1279,21
1280,20
1281,19
1282,18
1283,17
1284,16
1285,15
1286,14
1287,13
1288,12
1289,11
1290,10
1291,9
1292,8
1293,7
1294,6
1295,5
1296,4
1297,3
1298,2
1299,1
1300,100
1301,99
1302,98
1303,97
1304,96
1305,95
1306,94
1307,93
1308,92
1309,91
1310,90
1311,89
1312,88
1313,87
1314,86
1315,85
1316,84
1317,83
1318,82
1319,81
1320,80
1321,79
1322,78
1323,77
1324,76
1325,75
1326,74
1327,73
1328,72
1329,71
1330,70
1331,69
1332,68
1333,67
1334,66
1335,65
1336,64
1337,63
1338,62
1339,61
1340,60
1341,59
1342,58
1343,57
1344,56
1345,55
1346,54
1347,53
1348,52
1349,51
1350,50
1351,49
1352,48
1353,47
1354,46
1355,45
1356,44
1357,43
1358,42
1359,41
1360,40
1361,39
1362,38
1363,37
1364,36
1365,35
1366,34
1367,33
1368,32
1369,31
1370,30
1371,29
1372,28
1373,27
1374,26
1375,25
1376,24
1377,23
1378,22
1379,21
1380,20
1381,19
1382,18
1383,17
1384,16
1385,15
1386,14
1387,13
1388,12
1389,11
1390,10
1391,9
1392,8
1393,7
1394,6
1395,5
1396,4
1397,3
1398,2
1399,1
1400,100
1401,99
1402,98
1403,97
1404,96
1405,95
1406,94
1407,93
1408,92
1409,91
1410,90
1411,89
1412,88
1413,87
1414,86
1415,85
1416,84
1417,83
1418,82
1419,81
1420,80
1421,79
1422,78
1423,77
1424,76
1425,75
1426,74
1427,73
1428,72
1429,71
1430,70
1431,69
1432,68
1433,67
1434,66
1435,65
1436,64
1437,63
1438,62
1439,61
1440,60
1441,59
1442,58
1443,57
1444,56
1445,55
1446,54
1447,53
1448,52
1449,51
1450,50
1451,49
1452,48
1453,47
1454,46
1455,45
1456,44
1457,43
1458,42
1459,41
1460,40
1461,39
1462,38
1463,37
1464,36
1465,35
1466,34
1467,33
1468,32
1469,31
1470,30
1471,29
1472,28
1473,27
1474,26
1475,25
1476,24
1477,23
1478,22
1479,21
1480,20
1481,19
1482,18
1483,17
1484,16
1485,15
1486,14
1487,13
1488,12
1489,11
1490,10
1491,9
1492,8
1493,7
1494,6
1495,5
1496,4
1497,3
1498,2
1499,1
1500,100
1501,99
1502,98
1503,97
1504,96
1505,95
1506,94
1507,93
1508,92
1509,91
1510,90
1511,89
1512,88
1513,87
1514,86
1515,85
1516,84
1517,83
1518,82
1519,81
1520,80
1521,79
1522,78
1523,77
1524,76
1525,75
1526,74
1527,73
1528,72
1529,71
1530,70
1531,69
1532,68
1533,67
1534,66
1535,65
1536,64
1537,63
1538,62
1539,61
1540,60
1541,59
1542,58
1543,57
1544,56
1545,55
1546,54
1547,53
1548,52
1549,51
1550,50
1551,49
1552,48
1553,47
1554,46
1555,45
1556,44
1557,43
1558,42
1559,41
1560,40
1561,39
1562,38
1563,37
1564,36
1565,35
1566,34
1567,33
1568,32
1569,31
1570,30
1571,29
1572,28
1573,27
1574,26
1575,25
1576,24
1577,23
1578,22
1579,21
1580,20
1581,19
1582,18
1583,17
1584,16
1585,15
1586,14
1587,13
1588,12
1589,11
1590,10
1591,9
1592,8
1593,7
1594,6
1595,5
1596,4
1597,3
1598,2
1599,1
1600,100
1601,99
1602,98
1603,97
1604,96
1605,95
1606,94
1607,93
1608,92
1609,91
1610,90
1611,89
1612,88
1613,87
1614,86
1615,85
1616,84
1617,83
1618,82
1619,81
1620,80
1621,79
1622,78
1623,77
1624,76
1625,75
1626,74
1627,73
1628,72
1629,71
1630,70
1631,69
1632,68
1633,67
1634,66
1635,65
1636,64
1637,63
1638,62
1639,61
1640,60
1641,59
1642,58
1643,57
1644,56
1645,55
1646,54
1647,53
1648,52
1649,51
1650,50
1651,49
1652,48
1653,47
1654,46
1655,45
1656,44
1657,43
1658,42
1659,41
1660,40
1661,39
1662,38
1663,37
1664,36
1665,35
1666,34
1667,33
1668,32
1669,31
1670,30
1671,29
1672,28
1673,27
1674,26
1675,25
1676,24
1677,23
1678,22
1679,21
1680,20
1681,19
1682,18
1683,17
1684,16
1685,15
1686,14
1687,13
1688,12
1689,11
1690,10
1691,9
1692,8
1693,7
1694,6
1695,5
1696,4
1697,3
1698,2
1699,1
1700,100
1701,99
1702,98
1703,97
1704,96
1705,95
1706,94
1707,93
1708,92
1709,91
1710,90
1711,89
1712,88
1713,87
1714,86
1715,85
1716,84
1717,83
1718,82
1719,81
1720,80
1721,79
1722,78
1723,77
1724,76
1725,75
1726,74
1727,73
1728,72
1729,71
1730,70
1731,69
1732,68
1733,67
1734,66
1735,65
1736,64
1737,63
1738,62
1739,61
1740,60
1741,59
1742,58
1743,57
1744,56
1745,55
1746,54
1747,53
1748,52
1749,51
1750,50
1751,49
1752,48
1753,47
1754,46
1755,45
1756,44
1757,43
1758,42
1759,41
1760,40
1761,39
1762,38
1763,37
1764,36
1765,35
1766,34
1767,33
1768,32
1769,31
1770,30
1771,29
1772,28
1773,27
1774,26
1775,25
1776,24
1777,23
1778,22
1779,21
1780,20
1781,19
1782,18
1783,17
1784,16
1785,15
1786,14
1787,13
1788,12
1789,11
1790,10
1791,9
1792,8
1793,7
1794,6
1795,5
1796,4
1797,3
1798,2
1799,1
1800,100
1801,99
1802,98
1803,97
1804,96
1805,95
1806,94
1807,93
1808,92
1809,91
1810,90
1811,89
1812,88
1813,87
1814,86
1815,85
1816,84
1817,83
1818,82
1819,81
1820,80
1821,79
1822,78
1823,77
1824,76
1825,75
1826,74
1827,73
1828,72
1829,71
1830,70
1831,69
1832,68
1833,67
1834,66
1835,65
1836,64
1837,63
1838,62
1839,61
1840,60
1841,59
1842,58
1843,57
1844,56
1845,55
1846,54
1847,53
1848,52
1849,51
1850,50
1851,49
1852,48
1853,47
1854,46
1855,45
1856,44
1857,43
1858,42
1859,41
1860,40
1861,39
1862,38
1863,37
1864,36
1865,35
1866,34
1867,33
1868,32
1869,31
1870,30
1871,29
1872,28
1873,27
1874,26
1875,25
1876,24
1877,23
1878,22
1879,21
1880,20
1881,19
1882,18
1883,17
1884,16
1885,15
1886,14
1887,13
1888,12
1889,11
1890,10
1891,9
1892,8
1893,7
1894,6
1895,5
1896,4
1897,3
1898,2
1899,1
1900,100
1901,99
1902,98
1903,97
1904,96
1905,95
1906,94
1907,93
1908,92
1909,91
1910,90
1911,89
1912,88
1913,87
1914,86
1915,85
1916,84
1917,83
1918,82
1919,81
1920,80
1921,79
1922,78
1923,77
1924,76
1925,75
1926,74
1927,73
1928,72
1929,71
1930,70
1931,69
1932,68
1933,67
1934,66
1935,65
1936,64
1937,63
1938,62
1939,61
1940,60
1941,59
1942,58
1943,57
1944,56
1945,55
1946,54
1947,53
1948,52
1949,51
1950,50
1951,49
1952,48
1953,47
1954,46
1955,45
1956,44
1957,43
1958,42
1959,41
1960,40
1961,39
1962,38
1963,37
1964,36
1965,35
1966,34
1967,33
1968,32
1969,31
1970,30
1971,29
1972,28
1973,27
1974,26
1975,25
1976,24
1977,23
1978,22
1979,21
1980,20
1981,19
1982,18
1983,17
1984,16
1985,15
1986,14
1987,13
1988,12
1989,11
1990,10
1991,9
1992,8
1993,7
1994,6
1995,5
1996,4
1997,3
1998,2
1999,1
2000,100
2001,99
2002,98
2003,97
2004,96
2005,95
2006,94
2007,93
2008,92
2009,91
2010,90
2011,89
2012,88
2013,87
2014,86
2015,85
2016,84
2017,83
2018,82
2019,81
2020,80
2021,79
2022,78
2023,77
2024,76
2025,75
2026,74
2027,73
2028,72
2029,71
2030,70
2031,69
2032,68
2033,67
2034,66
2035,65
2036,64
2037,63
2038,62
2039,61
2040,60
2041,59
2042,58
2043,57
2044,56
2045,55
2046,54
2047,53
2048,52
2049,51
2050,50
2051,49
2052,48
2053,47
2054,46
2055,45
2056,44
2057,43
2058,42
2059,41
2060,40
2061,39
2062,38
2063,37
2064,36
2065,35
2066,34
2067,33
2068,32
2069,31
2070,30
2071,29
2072,28
2073,27
2074,26
2075,25
2076,24
2077,23
2078,22
2079,21
2080,20
2081,19
2082,18
2083,17
2084,16
2085,15
2086,14
2087,13
2088,12
2089,11
2090,10
2091,9
2092,8
2093,7
2094,6
2095,5
2096,4
2097,3
2098,2
2099,1
2100,100
2101,99
2102,98
2103,97
2104,96
2105,95
2106,94
2107,93
2108,92
2109,91
2110,90
2111,89
2112,88
2113,87
2114,86
2115,85
2116,84
2117,83
2118,82
2119,81
2120,80
2121,79
2122,78
2123,77
2124,76
2125,75
2126,74
2127,73
2128,72
2129,71
2130,70
2131,69
2132,68
2133,67
2134,66
2135,65
2136,64
2137,63
2138,62
2139,61
2140,60
2141,59
2142,58
2143,57
2144,56
2145,55
2146,54
2147,53
2148,52
2149,51
2150,50
2151,49
2152,48
2153,47
2154,46
2155,45
2156,44
2157,43
2158,42
2159,41
2160,40
2161,39
2162,38
2163,37
2164,36
2165,35
2166,34
2167,33
2168,32
2169,31
2170,30
2171,29
2172,28
2173,27
2174,26
2175,25
2176,24
2177,23
2178,22
2179,21
2180,20
2181,19
2182,18
2183,17
2184,16
2185,15
2186,14
2187,13
2188,12
2189,11
2190,10
2191,9
2192,8
2193,7
2194,6
2195,5
2196,4
2197,3
2198,2
2199,1
2200,100
2201,99
2202,98
2203,97
2204,96
2205,95
2206,94
2207,93
2208,92
2209,91
2210,90
2211,89
2212,88
2213,87
2214,86
2215,85
2216,84
2217,83
2218,82
2219,81
2220,80
2221,79
2222,78
2223,77
2224,76
2225,75
2226,74
2227,73
2228,72
2229,71
2230,70
2231,69
2232,68
2233,67
2234,66
2235,65
2236,64
2237,63
2238,62
2239,61
2240,60
2241,59
2242,58
2243,57
2244,56
2245,55
2246,54
2247,53
2248,52
2249,51
2250,50
2251,49
2252,48
2253,47
2254,46
2255,45
2256,44
2257,43
2258,42
2259,41
2260,40
2261,39
2262,38
2263,37
2264,36
2265,35
2266,34
2267,33
2268,32
2269,31
2270,30
2271,29
2272,28
2273,27
2274,26
2275,25
2276,24
2277,23
2278,22
2279,21
2280,20
2281,19
2282,18
2283,17
2284,16
2285,15
2286,14
2287,13
2288,12
2289,11
2290,10
2291,9
2292,8
2293,7
2294,6
2295,5
2296,4
2297,3
2298,2
2299,1
2300,100
2301,99
2302,98
2303,97
2304,96
2305,95
2306,94
2307,93
2308,92
2309,91
2310,90
2311,89
2312,88
2313,87
2314,86
2315,85
2316,84
2317,83
2318,82
2319,81
2320,80
2321,79
2322,78
2323,77
2324,76
2325,75
2326,74
2327,73
2328,72
2329,71
2330,70
2331,69
2332,68
2333,67
2334,66
2335,65
2336,64
2337,63
2338,62
2339,61
2340,60
2341,59
2342,58
2343,57
2344,56
2345,55
2346,54
2347,53
2348,52
2349,51
2350,50
2351,49
2352,48
2353,47
2354,46
2355,45
2356,44
2357,43
2358,42
2359,41
2360,40
2361,39
2362,38
2363,37
2364,36
2365,35
2366,34
2367,33
2368,32
2369,31
2370,30
2371,29
2372,28
2373,27
2374,26
2375,25
2376,24
2377,23
2378,22
2379,21
2380,20
2381,19
2382,18
2383,17
2384,16
2385,15
2386,14
2387,13
2388,12
2389,11
2390,10
2391,9
2392,8
2393,7
2394,6
2395,5
2396,4
2397,3
2398,2
2399,1
2400,100
2401,99
2402,98
2403,97
2404,96
2405,95
2406,94
2407,93
2408,92
2409,91
2410,90
2411,89
2412,88
2413,87
2414,86
2415,85
2416,84
2417,83
2418,82
2419,81
2420,80
2421,79
2422,78
2423,77
2424,76
2425,75
2426,74
2427,73
2428,72
2429,71
2430,70
2431,69
2432,68
2433,67
2434,66
2435,65
2436,64
2437,63
2438,62
2439,61
2440,60
2441,59
2442,58
2443,57
2444,56
2445,55
2446,54
2447,53
2448,52
2449,51
2450,50
2451,49
2452,48
2453,47
2454,46
2455,45
2456,44
2457,43
2458,42
2459,41
2460,40
2461,39
2462,38
2463,37
2464,36
2465,35
2466,34
2467,33
2468,32
2469,31
2470,30
2471,29
2472,28
2473,27
2474,26
2475,25
2476,24
2477,23
2478,22
2479,21
2480,20
2481,19
2482,18
2483,17
2484,16
2485,15
2486,14
2487,13
2488,12
2489,11
2490,10
2491,9
2492,8
2493,7
2494,6
2495,5
2496,4
2497,3
2498,2
2499,1
2500,100
2501,99
2502,98
2503,97
2504,96
2505,95
2506,94
2507,93
2508,92
2509,91
2510,90
2511,89
2512,88
2513,87
2514,86
2515,85
2516,84
2517,83
2518,82
2519,81
2520,80
2521,79
2522,78
2523,77
2524,76
2525,75
2526,74
2527,73
2528,72
2529,71
2530,70
2531,69
2532,68
2533,67
2534,66
2535,65
2536,64
2537,63
2538,62
2539,61
2540,60
2541,59
2542,58
2543,57
2544,56
2545,55
2546,54
2547,53
2548,52
2549,51
2550,50
2551,49
2552,48
2553,47
2554,46
2555,45
2556,44
2557,43
2558,42
2559,41
2560,40
2561,39
2562,38
2563,37
2564,36
2565,35
2566,34
2567,33
2568,32
2569,31
2570,30
2571,29
2572,28
2573,27
2574,26
2575,25
2576,24
2577,23
2578,22
2579,21
2580,20
2581,19
2582,18
2583,17
2584,16
2585,15
2586,14
2587,13
2588,12
2589,11
2590,10
2591,9
2592,8
2593,7
2594,6
2595,5
2596,4
2597,3
2598,2
2599,1
2600,100
2601,99
2602,98
2603,97
2604,96
2605,95
2606,94
2607,93
2608,92
2609,91
2610,90
2611,89
2612,88
2613,87
2614,86
2615,85
2616,84
2617,83
2618,82
2619,81
2620,80
2621,79
2622,78
2623,77
2624,76
2625,75
2626,74
2627,73
2628,72
2629,71
2630,70
2631,69
2632,68
2633,67
2634,66
2635,65
2636,64
2637,63
2638,62
2639,61
2640,60
2641,59
2642,58
2643,57
2644,56
2645,55
2646,54
2647,53
2648,52
2649,51
2650,50
2651,49
2652,48
2653,47
2654,46
2655,45
2656,44
2657,43
2658,42
2659,41
2660,40
2661,39
2662,38
2663,37
2664,36
2665,35
2666,34
2667,33
2668,32
2669,31
2670,30
2671,29
2672,28
2673,27
2674,26
2675,25
2676,24
2677,23
2678,22
2679,21
2680,20
2681,19
2682,18
2683,17
2684,16
2685,15
2686,14
2687,13
2688,12
2689,11
2690,10
2691,9
2692,8
2693,7
2694,6
2695,5
2696,4
2697,3
2698,2
2699,1
2700,100
2701,99
2702,98
2703,97
2704,96
2705,95
2706,94
2707,93
2708,92
2709,91
2710,90
2711,89
2712,88
2713,87
2714,86
2715,85
2716,84
2717,83
2718,82
2719,81
2720,80
2721,79
2722,78
2723,77
2724,76
2725,75
2726,74
2727,73
2728,72
2729,71
2730,70
2731,69
2732,68
2733,67
2734,66
2735,65
2736,64
2737,63
2738,62
2739,61
2740,60
2741,59
2742,58
2743,57
2744,56
2745,55
2746,54
2747,53
2748,52
2749,51
2750,50
2751,49
2752,48
2753,47
2754,46
2755,45
2756,44
2757,43
2758,42
2759,41
2760,40
2761,39
2762,38
2763,37
2764,36
2765,35
2766,34
2767,33
2768,32
2769,31
2770,30
2771,29
2772,28
2773,27
2774,26
2775,25
2776,24
2777,23
2778,22
2779,21
2780,20
2781,19
2782,18
2783,17
2784,16
2785,15
2786,14
2787,13
2788,12
2789,11
2790,10
2791,9
2792,8
2793,7
2794,6
2795,5
2796,4
2797,3
2798,2
2799,1
2800,100
2801,99
2802,98
2803,97
2804,96
2805,95
2806,94
2807,93
2808,92
2809,91
2810,90
2811,89
2812,88
2813,87
2814,86
2815,85
2816,84
2817,83
2818,82
2819,81
2820,80
2821,79
2822,78
2823,77
2824,76
2825,75
2826,74
2827,73
2828,72
2829,71
2830,70
2831,69
2832,68
2833,67
2834,66
2835,65
2836,64
2837,63
2838,62
2839,61
2840,60
2841,59
2842,58
2843,57
2844,56
2845,55
2846,54
2847,53
2848,52
2849,51
2850,50
2851,49
2852,48
2853,47
2854,46
2855,45
2856,44
2857,43
2858,42
2859,41
2860,40
2861,39
2862,38
2863,37
2864,36
2865,35
2866,34
2867,33
2868,32
2869,31
2870,30
2871,29
2872,28
2873,27
2874,26
2875,25
2876,24
2877,23
2878,22
2879,21
2880,20
2881,19
2882,18
2883,17
2884,16
2885,15
2886,14
2887,13
2888,12
2889,11
2890,10
2891,9
2892,8
2893,7
2894,6
2895,5
2896,4
2897,3
2898,2
2899,1
2900,100
2901,99
2902,98
2903,97
2904,96
2905,95
2906,94
2907,93
2908,92
2909,91
2910,90
2911,89
2912,88
2913,87
2914,86
2915,85
2916,84
2917,83
2918,82
2919,81
2920,80
2921,79
2922,78
2923,77
2924,76
2925,75
2926,74
2927,73
2928,72
2929,71
2930,70
2931,69
2932,68
2933,67
2934,66
2935,65
2936,64
2937,63
2938,62
2939,61
2940,60
2941,59
2942,58
2943,57
2944,56
2945,55
2946,54
2947,53
2948,52
2949,51
2950,50
2951,49
2952,48
2953,47
2954,46
2955,45
2956,44
2957,43
2958,42
2959,41
2960,40
2961,39
2962,38
2963,37
2964,36
2965,35
2966,34
2967,33
2968,32
2969,31
2970,30
2971,29
2972,28
2973,27
2974,26
2975,25
2976,24
2977,23
2978,22
2979,21
2980,20
2981,19
2982,18
2983,17
2984,16
2985,15
2986,14
2987,13
2988,12
2989,11
2990,10
2991,9
2992,8
2993,7
2994,6
2995,5
2996,4
2997,3
2998,2
2999,1
3000,100
3001,99
3002,98
3003,97
3004,96
3005,95
3006,94
3007,93
3008,92
3009,91
3010,90
3011,89
3012,88
3013,87
3014,86
3015,85
3016,84
3017,83
3018,82
3019,81
3020,80
3021,79
3022,78
3023,77
3024,76
3025,75
3026,74
3027,73
3028,72
3029,71
3030,70
3031,69
3032,68
3033,67
3034,66
3035,65
3036,64
3037,63
3038,62
3039,61
3040,60
3041,59
3042,58
3043,57
3044,56
3045,55
3046,54
3047,53
3048,52
3049,51
3050,50
3051,49
3052,48
3053,47
3054,46
3055,45
3056,44
3057,43
3058,42
3059,41
3060,40
3061,39
3062,38
3063,37
3064,36
3065,35
3066,34
3067,33
3068,32
3069,31
3070,30
3071,29
3072,28
3073,27
3074,26
3075,25
3076,24
3077,23
3078,22
3079,21
3080,20
3081,19
3082,18
3083,17
3084,16
3085,15
3086,14
3087,13
3088,12
3089,11
3090,10
3091,9
3092,8
3093,7
3094,6
3095,5
3096,4
3097,3
3098,2
3099,1
3100,100
3101,99
3102,98
3103,97
3104,96
3105,95
3106,94
3107,93
3108,92
3109,91
3110,90
3111,89
3112,88
3113,87
3114,86
3115,85
3116,84
3117,83
3118,82
3119,81
3120,80
3121,79
3122,78
3123,77
3124,76
3125,75
3126,74
3127,73
3128,72
3129,71
3130,70
3131,69
3132,68
3133,67
3134,66
3135,65
3136,64
3137,63
3138,62
3139,61
3140,60
3141,59
3142,58
3143,57
3144,56
3145,55
3146,54
3147,53
3148,52
3149,51
3150,50
3151,49
3152,48
3153,47
3154,46
3155,45
3156,44
3157,43
3158,42
3159,41
3160,40
3161,39
3162,38
3163,37
3164,36
3165,35
3166,34
3167,33
3168,32
3169,31
3170,30
3171,29
3172,28
3173,27
3174,26
3175,25
3176,24
3177,23
3178,22
3179,21
3180,20
3181,19
3182,18
3183,17
3184,16
3185,15
3186,14
3187,13
3188,12
3189,11
3190,10
3191,9
3192,8
3193,7
3194,6
3195,5
3196,4
3197,3
3198,2
3199,1
3200,100
3201,99
3202,98
3203,97
3204,96
3205,95
3206,94
3207,93
3208,92
3209,91
3210,90
3211,89
3212,88
3213,87
3214,86
3215,85
3216,84
3217,83
3218,82
3219,81
3220,80
3221,79
3222,78
3223,77
3224,76
3225,75
3226,74
3227,73
3228,72
3229,71
3230,70
3231,69
3232,68
3233,67
3234,66
3235,65
3236,64
3237,63
3238,62
3239,61
3240,60
3241,59
3242,58
3243,57
3244,56
3245,55
3246,54
3247,53
3248,52
3249,51
3250,50
3251,49
3252,48
3253,47
3254,46
3255,45
3256,44
3257,43
3258,42
3259,41
3260,40
3261,39
3262,38
3263,37
3264,36
3265,35
3266,34
3267,33
3268,32
3269,31
3270,30
3271,29
3272,28
3273,27
3274,26
3275,25
3276,24
3277,23
3278,22
3279,21
3280,20
3281,19
3282,18
3283,17
3284,16
3285,15
3286,14
3287,13
3288,12
3289,11
3290,10
3291,9
3292,8
3293,7
3294,6
3295,5
3296,4
3297,3
3298,2
3299,1
3300,100
3301,99
3302,98
3303,97
3304,96
3305,95
3306,94
3307,93
3308,92
3309,91
3310,90
3311,89
3312,88
3313,87
3314,86
3315,85
3316,84
3317,83
3318,82
3319,81
3320,80
3321,79
3322,78
3323,77
3324,76
3325,75
3326,74
3327,73
3328,72
3329,71
3330,70
3331,69
3332,68
3333,67
3334,66
3335,65
3336,64
3337,63
3338,62
3339,61
3340,60
3341,59
3342,58
3343,57
3344,56
3345,55
3346,54
3347,53
3348,52
3349,51
3350,50
3351,49
3352,48
3353,47
3354,46
3355,45
3356,44
3357,43
3358,42
3359,41
3360,40
3361,39
3362,38
3363,37
3364,36
3365,35
3366,34
3367,33
3368,32
3369,31
3370,30
3371,29
3372,28
3373,27
3374,26
3375,25
3376,24
3377,23
3378,22
3379,21
3380,20
3381,19
3382,18
3383,17
3384,16
3385,15
3386,14
3387,13
3388,12
3389,11
3390,10
3391,9
3392,8
3393,7
3394,6
3395,5
3396,4
3397,3
3398,2
3399,1
3400,100
3401,99
3402,98
3403,97
3404,96
3405,95
3406,94
3407,93
3408,92
3409,91
3410,90
3411,89
3412,88
3413,87
3414,86
3415,85
3416,84
3417,83
3418,82
3419,81
3420,80
3421,79
3422,78
3423,77
3424,76
3425,75
3426,74
3427,73
3428,72
3429,71
3430,70
3431,69
3432,68
3433,67
3434,66
3435,65
3436,64
3437,63
3438,62
3439,61
3440,60
3441,59
3442,58
3443,57
3444,56
3445,55
3446,54
3447,53
3448,52
3449,51
3450,50
3451,49
3452,48
3453,47
3454,46
3455,45
3456,44
3457,43
3458,42
3459,41
3460,40
3461,39
3462,38
3463,37
3464,36
3465,35
3466,34
3467,33
3468,32
3469,31
3470,30
3471,29
3472,28
3473,27
3474,26
3475,25
3476,24
3477,23
3478,22
3479,21
3480,20
3481,19
3482,18
3483,17
3484,16
3485,15
3486,14
3487,13
3488,12
3489,11
3490,10
3491,9
3492,8
3493,7
3494,6
3495,5
3496,4
3497,3
3498,2
3499,1
3500,100
3501,99
3502,98
3503,97
3504,96
3505,95
3506,94
3507,93
3508,92
3509,91
3510,90
3511,89
3512,88
3513,87
3514,86
3515,85
3516,84
3517,83
3518,82
3519,81
3520,80
3521,79
3522,78
3523,77
3524,76
3525,75
3526,74
3527,73
3528,72
3529,71
3530,70
3531,69
3532,68
3533,67
3534,66
3535,65
3536,64
3537,63
3538,62
3539,61
3540,60
3541,59
3542,58
3543,57
3544,56
3545,55
3546,54
3547,53
3548,52
3549,51
3550,50
3551,49
3552,48
3553,47
3554,46
3555,45
3556,44
3557,43
3558,42
3559,41
3560,40
3561,39
3562,38
3563,37
3564,36
3565,35
3566,34
3567,33
3568,32
3569,31
3570,30
3571,29
3572,28
3573,27
3574,26
3575,25
3576,24
3577,23
3578,22
3579,21
3580,20
3581,19
3582,18
3583,17
3584,16
3585,15
3586,14
3587,13
3588,12
3589,11
3590,10
3591,9
3592,8
3593,7
3594,6
3595,5
3596,4
3597,3
3598,2
3599,1
3600,100
3601,99
3602,98
3603,97
3604,96
3605,95
3606,94
3607,93
3608,92
3609,91
3610,90
3611,89
3612,88
3613,87
3614,86
3615,85
3616,84
3617,83
3618,82
3619,81
3620,80
3621,79
3622,78
3623,77
3624,76
3625,75
3626,74
3627,73
3628,72
3629,71
3630,70
3631,69
3632,68
3633,67
3634,66
3635,65
3636,64
3637,63
3638,62
3639,61
3640,60
3641,59
3642,58
3643,57
3644,56
3645,55
3646,54
3647,53
3648,52
3649,51
3650,50
3651,49
3652,48
3653,47
3654,46
3655,45
3656,44
3657,43
3658,42
3659,41
3660,40
3661,39
3662,38
3663,37
3664,36
3665,35
3666,34
3667,33
3668,32
3669,31
3670,30
3671,29
3672,28
3673,27
3674,26
3675,25
3676,24
3677,23
3678,22
3679,21
3680,20
3681,19
3682,18
3683,17
3684,16
3685,15
3686,14
3687,13
3688,12
3689,11
3690,10
3691,9
3692,8
3693,7
3694,6
3695,5
3696,4
3697,3
3698,2
3699,1
3700,100
3701,99
3702,98
3703,97
3704,96
3705,95
3706,94
3707,93
3708,92
3709,91
3710,90
3711,89
3712,88
3713,87
3714,86
3715,85
3716,84
3717,83
3718,82
3719,81
3720,80
3721,79
3722,78
3723,77
3724,76
3725,75
3726,74
3727,73
3728,72
3729,71
3730,70
3731,69
3732,68
3733,67
3734,66
3735,65
3736,64
3737,63
3738,62
3739,61
3740,60
3741,59
3742,58
3743,57
3744,56
3745,55
3746,54
3747,53
3748,52
3749,51
3750,50
3751,49
3752,48
3753,47
3754,46
3755,45
3756,44
3757,43
3758,42
3759,41
3760,40
3761,39
3762,38
3763,37
3764,36
3765,35
3766,34
3767,33
3768,32
3769,31
3770,30
3771,29
3772,28
3773,27
3774,26
3775,25
3776,24
3777,23
3778,22
3779,21
3780,20
3781,19
3782,18
3783,17
3784,16
3785,15
3786,14
3787,13
3788,12
3789,11
3790,10
3791,9
3792,8
3793,7
3794,6
3795,5
3796,4
3797,3
3798,2
3799,1
3800,100
3801,99
3802,98
3803,97
3804,96
3805,95
3806,94
3807,93
3808,92
3809,91
3810,90
3811,89
3812,88
3813,87
3814,86
3815,85
3816,84
3817,83
3818,82
3819,81
3820,80
3821,79
3822,78
3823,77
3824,76
3825,75
3826,74
3827,73
3828,72
3829,71
3830,70
3831,69
3832,68
3833,67
3834,66
3835,65
3836,64
3837,63
3838,62
3839,61
3840,60
3841,59
3842,58
3843,57
3844,56
3845,55
3846,54
3847,53
3848,52
3849,51
3850,50
3851,49
3852,48
3853,47
3854,46
3855,45
3856,44
3857,43
3858,42
3859,41
3860,40
3861,39
3862,38
3863,37
3864,36
3865,35
3866,34
3867,33
3868,32
3869,31
3870,30
3871,29
3872,28
3873,27
3874,26
3875,25
3876,24
3877,23
3878,22
3879,21
3880,20
3881,19
3882,18
3883,17
3884,16
3885,15
3886,14
3887,13
3888,12
3889,11
3890,10
3891,9
3892,8
3893,7
3894,6
3895,5
3896,4
3897,3
3898,2
3899,1
3900,100
3901,99
3902,98
3903,97
3904,96
3905,95
3906,94
3907,93
3908,92
3909,91
3910,90
3911,89
3912,88
3913,87
3914,86
3915,85
3916,84
3917,83
3918,82
3919,81
3920,80
3921,79
3922,78
3923,77
3924,76
3925,75
3926,74
3927,73
3928,72
3929,71
3930,70
3931,69
3932,68
3933,67
3934,66
3935,65
3936,64
3937,63
3938,62
3939,61
3940,60
3941,59
3942,58
3943,57
3944,56
3945,55
3946,54
3947,53
3948,52
3949,51
3950,50
3951,49
3952,48
3953,47
3954,46
3955,45
3956,44
3957,43
3958,42
3959,41
3960,40
3961,39
3962,38
3963,37
3964,36
3965,35
3966,34
3967,33
3968,32
3969,31
3970,30
3971,29
3972,28
3973,27
3974,26
3975,25
3976,24
3977,23
3978,22
3979,21
3980,20
3981,19
3982,18
3983,17
3984,16
3985,15
3986,14
3987,13
3988,12
3989,11
3990,10
3991,9
3992,8
3993,7
3994,6
3995,5
3996,4
3997,3
3998,2
3999,1
4000,100
4001,99
4002,98
4003,97
4004,96
4005,95
4006,94
4007,93
4008,92
4009,91
4010,90
4011,89
4012,88
4013,87
4014,86
4015,85
4016,84
4017,83
4018,82
4019,81
4020,80
4021,79
4022,78
4023,77
4024,76
4025,75
4026,74
4027,73
4028,72
4029,71
4030,70
4031,69
4032,68
4033,67
4034,66
4035,65
4036,64
4037,63
4038,62
4039,61
4040,60
4041,59
4042,58
4043,57
4044,56
4045,55
4046,54
4047,53
4048,52
4049,51
4050,50
4051,49
4052,48
4053,47
4054,46
4055,45
4056,44
4057,43
4058,42
4059,41
4060,40
4061,39
4062,38
4063,37
4064,36
4065,35
4066,34
4067,33
4068,32
4069,31
4070,30
4071,29
4072,28
4073,27
4074,26
4075,25
4076,24
4077,23
4078,22
4079,21
4080,20
4081,19
4082,18
4083,17
4084,16
4085,15
4086,14
4087,13
4088,12
4089,11
4090,10
4091,9
4092,8
4093,7
4094,6
4095,5
4096,4
4097,3
4098,2
4099,1
4100,100
4101,99
4102,98
4103,97
4104,96
4105,95
4106,94
4107,93
4108,92
4109,91
4110,90
4111,89
4112,88
4113,87
4114,86
4115,85
4116,84
4117,83
4118,82
4119,81
4120,80
4121,79
4122,78
4123,77
4124,76
4125,75
4126,74
4127,73
4128,72
4129,71
4130,70
4131,69
4132,68
4133,67
4134,66
4135,65
4136,64
4137,63
4138,62
4139,61
4140,60
4141,59
4142,58
4143,57
4144,56
4145,55
4146,54
4147,53
4148,52
4149,51
4150,50
4151,49
4152,48
4153,47
4154,46
4155,45
4156,44
4157,43
4158,42
4159,41
4160,40
4161,39
4162,38
4163,37
4164,36
4165,35
4166,34
4167,33
4168,32
4169,31
4170,30
4171,29
4172,28
4173,27
4174,26
4175,25
4176,24
4177,23
4178,22
4179,21
4180,20
4181,19
4182,18
4183,17
4184,16
4185,15
4186,14
4187,13
4188,12
4189,11
4190,10
4191,9
4192,8
4193,7
4194,6
4195,5
4196,4
4197,3
4198,2
4199,1
4200,100
4201,99
4202,98
4203,97
4204,96
4205,95
4206,94
4207,93
4208,92
4209,91
4210,90
4211,89
4212,88
4213,87
4214,86
4215,85
4216,84
4217,83
4218,82
4219,81
4220,80
4221,79
4222,78
4223,77
4224,76
4225,75
4226,74
4227,73
4228,72
4229,71
4230,70
4231,69
4232,68
4233,67
4234,66
4235,65
4236,64
4237,63
4238,62
4239,61
4240,60
4241,59
4242,58
4243,57
4244,56
4245,55
4246,54
4247,53
4248,52
4249,51
4250,50
4251,49
4252,48
4253,47
4254,46
4255,45
4256,44
4257,43
4258,42
4259,41
4260,40
4261,39
4262,38
4263,37
4264,36
4265,35
4266,34
4267,33
4268,32
4269,31
4270,30
4271,29
4272,28
4273,27
4274,26
4275,25
4276,24
4277,23
4278,22
4279,21
4280,20
4281,19
4282,18
4283,17
4284,16
4285,15
4286,14
4287,13
4288,12
4289,11
4290,10
4291,9
4292,8
4293,7
4294,6
4295,5
4296,4
4297,3
4298,2
4299,1
4300,100
4301,99
4302,98
4303,97
4304,96
4305,95
4306,94
4307,93
4308,92
4309,91
4310,90
4311,89
4312,88
4313,87
4314,86
4315,85
4316,84
4317,83
4318,82
4319,81
4320,80
4321,79
4322,78
4323,77
4324,76
4325,75
4326,74
4327,73
4328,72
4329,71
4330,70
4331,69
4332,68
4333,67
4334,66
4335,65
4336,64
4337,63
4338,62
4339,61
4340,60
4341,59
4342,58
4343,57
4344,56
4345,55
4346,54
4347,53
4348,52
4349,51
4350,50
4351,49
4352,48
4353,47
4354,46
4355,45
4356,44
4357,43
4358,42
4359,41
4360,40
4361,39
4362,38
4363,37
4364,36
4365,35
4366,34
4367,33
4368,32
4369,31
4370,30
4371,29
4372,28
4373,27
4374,26
4375,25
4376,24
4377,23
4378,22
4379,21
4380,20
4381,19
4382,18
4383,17
4384,16
4385,15
4386,14
4387,13
4388,12
4389,11
4390,10
4391,9
4392,8
4393,7
4394,6
4395,5
4396,4
4397,3
4398,2
4399,1
4400,100
4401,99
4402,98
4403,97
4404,96
4405,95
4406,94
4407,93
4408,92
4409,91
4410,90
4411,89
4412,88
4413,87
4414,86
4415,85
4416,84
4417,83
4418,82
4419,81
4420,80
4421,79
4422,78
4423,77
4424,76
4425,75
4426,74
4427,73
4428,72
4429,71
4430,70
4431,69
4432,68
4433,67
4434,66
4435,65
4436,64
4437,63
4438,62
4439,61
4440,60
4441,59
4442,58
4443,57
4444,56
4445,55
4446,54
4447,53
4448,52
4449,51
4450,50
4451,49
4452,48
4453,47
4454,46
4455,45
4456,44
4457,43
4458,42
4459,41
4460,40
4461,39
4462,38
4463,37
4464,36
4465,35
4466,34
4467,33
4468,32
4469,31
4470,30
4471,29
4472,28
4473,27
4474,26
4475,25
4476,24
4477,23
4478,22
4479,21
4480,20
4481,19
4482,18
4483,17
4484,16
4485,15
4486,14
4487,13
4488,12
4489,11
4490,10
4491,9
4492,8
4493,7
4494,6
4495,5
4496,4
4497,3
4498,2
4499,1
4500,100
4501,99
4502,98
4503,97
4504,96
4505,95
4506,94
4507,93
4508,92
4509,91
4510,90
4511,89
4512,88
4513,87
4514,86
4515,85
4516,84
4517,83
4518,82
4519,81
4520,80
4521,79
4522,78
4523,77
4524,76
4525,75
4526,74
4527,73
4528,72
4529,71
4530,70
4531,69
4532,68
4533,67
4534,66
4535,65
4536,64
4537,63
4538,62
4539,61
4540,60
4541,59
4542,58
4543,57
4544,56
4545,55
4546,54
4547,53
4548,52
4549,51
4550,50
4551,49
4552,48
4553,47
4554,46
4555,45
4556,44
4557,43
4558,42
4559,41
4560,40
4561,39
4562,38
4563,37
4564,36
4565,35
4566,34
4567,33
4568,32
4569,31
4570,30
4571,29
4572,28
4573,27
4574,26
4575,25
4576,24
4577,23
4578,22
4579,21
4580,20
4581,19
4582,18
4583,17
4584,16
4585,15
4586,14
4587,13
4588,12
4589,11
4590,10
4591,9
4592,8
4593,7
4594,6
4595,5
4596,4
4597,3
4598,2
4599,1
4600,100
4601,99
4602,98
4603,97
4604,96
4605,95
4606,94
4607,93
4608,92
4609,91
4610,90
4611,89
4612,88
4613,87
4614,86
4615,85
4616,84
4617,83
4618,82
4619,81
4620,80
4621,79
4622,78
4623,77
4624,76
4625,75
4626,74
4627,73
4628,72
4629,71
4630,70
4631,69
4632,68
4633,67
4634,66
4635,65
4636,64
4637,63
4638,62
4639,61
4640,60
4641,59
4642,58
4643,57
4644,56
4645,55
4646,54
4647,53
4648,52
4649,51
4650,50
4651,49
4652,48
4653,47
4654,46
4655,45
4656,44
4657,43
4658,42
4659,41
4660,40
4661,39
4662,38
4663,37
4664,36
4665,35
4666,34
4667,33
4668,32
4669,31
4670,30
4671,29
4672,28
4673,27
4674,26
4675,25
4676,24
4677,23
4678,22
4679,21
4680,20
4681,19
4682,18
4683,17
4684,16
4685,15
4686,14
4687,13
4688,12
4689,11
4690,10
4691,9
4692,8
4693,7
4694,6
4695,5
4696,4
4697,3
4698,2
4699,1
4700,100
4701,99
4702,98
4703,97
4704,96
4705,95
4706,94
4707,93
4708,92
4709,91
4710,90
4711,89
4712,88
4713,87
4714,86
4715,85
4716,84
4717,83
4718,82
4719,81
4720,80
4721,79
4722,78
4723,77
4724,76
4725,75
4726,74
4727,73
4728,72
4729,71
4730,70
4731,69
4732,68
4733,67
4734,66
4735,65
4736,64
4737,63
4738,62
4739,61
4740,60
4741,59
4742,58
4743,57
4744,56
4745,55
4746,54
4747,53
4748,52
4749,51
4750,50
4751,49
4752,48
4753,47
4754,46
4755,45
4756,44
4757,43
4758,42
4759,41
4760,40
4761,39
4762,38
4763,37
4764,36
4765,35
4766,34
4767,33
4768,32
4769,31
4770,30
4771,29
4772,28
4773,27
4774,26
4775,25
4776,24
4777,23
4778,22
4779,21
4780,20
4781,19
4782,18
4783,17
4784,16
4785,15
4786,14
4787,13
4788,12
4789,11
4790,10
4791,9
4792,8
4793,7
4794,6
4795,5
4796,4
4797,3
4798,2
4799,1
4800,100
4801,99
4802,98
4803,97
4804,96
4805,95
4806,94
4807,93
4808,92
4809,91
4810,90
4811,89
4812,88
4813,87
4814,86
4815,85
4816,84
4817,83
4818,82
4819,81
4820,80
4821,79
4822,78
4823,77
4824,76
4825,75
4826,74
4827,73
4828,72
4829,71
4830,70
4831,69
4832,68
4833,67
4834,66
4835,65
4836,64
4837,63
4838,62
4839,61
4840,60
4841,59
4842,58
4843,57
4844,56
4845,55
4846,54
4847,53
4848,52
4849,51
4850,50
4851,49
4852,48
4853,47
4854,46
4855,45
4856,44
4857,43
4858,42
4859,41
4860,40
4861,39
4862,38
4863,37
4864,36
4865,35
4866,34
4867,33
4868,32
4869,31
4870,30
4871,29
4872,28
4873,27
4874,26
4875,25
4876,24
4877,23
4878,22
4879,21
4880,20
4881,19
4882,18
4883,17
4884,16
4885,15
4886,14
4887,13
4888,12
4889,11
4890,10
4891,9
4892,8
4893,7
4894,6
4895,5
4896,4
4897,3
4898,2
4899,1
4900,100
4901,99
4902,98
4903,97
4904,96
4905,95
4906,94
4907,93
4908,92
4909,91
4910,90
4911,89
4912,88
4913,87
4914,86
4915,85
4916,84
4917,83
4918,82
4919,81
4920,80
4921,79
4922,78
4923,77
4924,76
4925,75
4926,74
4927,73
4928,72
4929,71
4930,70
4931,69
4932,68
4933,67
4934,66
4935,65
4936,64
4937,63
4938,62
4939,61
4940,60
4941,59
4942,58
4943,57
4944,56
4945,55
4946,54
4947,53
4948,52
4949,51
4950,50
4951,49
4952,48
4953,47
4954,46
4955,45
4956,44
4957,43
4958,42
4959,41
4960,40
4961,39
4962,38
4963,37
4964,36
4965,35
4966,34
4967,33
4968,32
4969,31
4970,30
4971,29
4972,28
4973,27
4974,26
4975,25
4976,24
4977,23
4978,22
4979,21
4980,20
4981,19
4982,18
4983,17
4984,16
4985,15
4986,14
4987,13
4988,12
4989,11
4990,10
4991,9
4992,8
4993,7
4994,6
4995,5
4996,4
4997,3
4998,2
4999,1
